"url","Business","Street Address","City","Zipcode","Rating","ReviewCount","BeerAvg","BeerCount","BusinessType"
"https://www.beeradvocate.com/place/list/?start=20&c_id=JP&brewery=Y&sort=name","Canadian Brewery Inc. (North Island Beer)","","","","-","-","-","2",""
"https://www.beeradvocate.com/place/list/?start=20&c_id=JP&brewery=Y&sort=name","","Higashi-ku Kita 26 Jo-Higashi 1-3-8","Hokkaido Sapporo-shi","Higashi-ku Kita 26 Jo-Higashi 1-3-8; , 065-0026; +81 11-752-2550","","","","","Brewery, Bar"
"https://www.beeradvocate.com/place/list/?start=20&c_id=JP&brewery=Y&sort=name","Chateau Kamiya Hachinohe","","","","-","-","3.71","13",""
"https://www.beeradvocate.com/place/list/?start=20&c_id=JP&brewery=Y&sort=name","","2-11-70, Shiroshita","Aomori-ken Hachinohe-shi","2-11-70, Shiroshita; , 031-0072; +81 0178-72-1588","","","","","Brewery, Bar"
"https://www.beeradvocate.com/place/list/?start=20&c_id=JP&brewery=Y&sort=name","Chateau Kamiya Ushiku","","","","3.45","1","-","1",""
"https://www.beeradvocate.com/place/list/?start=20&c_id=JP&brewery=Y&sort=name","","Chuou 3-20-1","Ibaraki-ken Ushiku-shi","Chuou 3-20-1; Ushiku City; , 300-1234; +81 029-873-3151","","","","","Brewery, Bar, Eatery"
"https://www.beeradvocate.com/place/list/?start=20&c_id=JP&brewery=Y&sort=name","Coedo Brewery (Kyodo Shoji Koedo Brewery)","","","","-","-","3.72","10",""
"https://www.beeradvocate.com/place/list/?start=20&c_id=JP&brewery=Y&sort=name","","385-10 Kamitome, Miyoshi-machi, Iruma-gun","Saitama-ken Kawagoe-shi","385-10 Kamitome, Miyoshi-machi, Iruma-gun; , 354-0045; +81 49-259-7735","","","","","Brewery"
"https://www.beeradvocate.com/place/list/?start=20&c_id=JP&brewery=Y&sort=name","Daigo Brewery","","","","-","-","-","0",""
"https://www.beeradvocate.com/place/list/?start=20&c_id=JP&brewery=Y&sort=name","","1653 Kamikanesawa, Daigomachi","Ibaraki-ken Kuji-Gun","1653 Kamikanesawa, Daigomachi; , 319-3535; 02957-2-8888","","","","","Brewery, Eatery, Store"
"https://www.beeradvocate.com/place/list/?start=20&c_id=JP&brewery=Y&sort=name","Daisen G Beer","","","","-","-","3.73","4",""
"https://www.beeradvocate.com/place/list/?start=20&c_id=JP&brewery=Y&sort=name","","1740-30 Maruyama, Houki-cho","Tottori-ken Saihaku-gun","1740-30 Maruyama, Houki-cho; , 689-4108; 0859-39-8033","","","","","Brewery"
"https://www.beeradvocate.com/place/list/?start=20&c_id=JP&brewery=Y&sort=name","Denen Plaza Kawaba Brewery","","","","-","-","3.47","4",""
"https://www.beeradvocate.com/place/list/?start=20&c_id=JP&brewery=Y&sort=name","","385 Hagimuro, Kawaba-mura","Gunma-ken Tone-gun","385 Hagimuro, Kawaba-mura; Ohazahagi-shitsu; , 378-0111; +81 278-52-3939","","","","","Brewery, Bar"
"https://www.beeradvocate.com/place/list/?start=20&c_id=JP&brewery=Y&sort=name","Devil Craft Brewery","","","","-","-","-","0",""
"https://www.beeradvocate.com/place/list/?start=20&c_id=JP&brewery=Y&sort=name","","1-3-22, Hiromachi, Shinagawa-ku","Tokyo-to Tokyo-shi","1-3-22, Hiromachi, Shinagawa-ku; , 140-0005; +81 3-6421-7989","","","","","Brewery"
"https://www.beeradvocate.com/place/list/?start=20&c_id=JP&brewery=Y&sort=name","Devil Craft Hamamatsucho","","","","-","-","-","0",""
"https://www.beeradvocate.com/place/list/?start=20&c_id=JP&brewery=Y&sort=name","","2-13-12 Hamamatsucho","Tokyo-to Minato-ku","2-13-12 Hamamatsucho; Risewell Bldg 1F; , 105-0013; +81 03-6435-8428","","","","","Brewery, Bar, Eatery"
"https://www.beeradvocate.com/place/list/?start=20&c_id=JP&brewery=Y&sort=name","Doshisha Corporation","","","","-","-","-","0",""
"https://www.beeradvocate.com/place/list/?start=20&c_id=JP&brewery=Y&sort=name","","2-7-28, Inari, Naniwa-ku","Osaka-fu Osaka-shi","2-7-28, Inari, Naniwa-ku; , 556-8511; 06-6568-8872","","","","","Brewery"
"https://www.beeradvocate.com/place/list/?start=20&c_id=JP&brewery=Y&sort=name","Ezo Beer KK","","","","-","-","4.03","7",""
"https://www.beeradvocate.com/place/list/?start=20&c_id=JP&brewery=Y&sort=name","","Maruyama Nishimachi 5-7-57 Chuo-ku","Hokkaido Sapporo-shi","Maruyama Nishimachi 5-7-57 Chuo-ku; , 064-0944; 011-614-0191","","","","","Brewery"
"https://www.beeradvocate.com/place/list/?start=20&c_id=JP&brewery=Y&sort=name","Fujikankokaihatsu Co. Ltd. / Sylvans Restaurant","","","","-","-","3.71","8",""
"https://www.beeradvocate.com/place/list/?start=20&c_id=JP&brewery=Y&sort=name","","6663-1 Funatsu, Kawaguchiko-cho","Yamanashi-ken Minamitsuru-gun","6663-1 Funatsu, Kawaguchiko-cho; , 401-0301; 0555-83-2236","","","","","Brewery, Eatery"
"https://www.beeradvocate.com/place/list/?start=20&c_id=JP&brewery=Y&sort=name","Fujiyama Beer, K.K.","","","","-","-","-","2",""
"https://www.beeradvocate.com/place/list/?start=20&c_id=JP&brewery=Y&sort=name","","1936-1 Araya-nakasasu,","Yamanashi-ken Fujiyoshida-shi","1936-1 Araya-nakasasu,; , 403-0006; 0555-24-4800","","","","","Brewery, Eatery"
"https://www.beeradvocate.com/place/list/?start=20&c_id=JP&brewery=Y&sort=name","Ginga Kogen Beer","","","","-","-","3.6","10",""
"https://www.beeradvocate.com/place/list/?start=20&c_id=JP&brewery=Y&sort=name","","2-8-12 Ginza, Chuo-ku","Tokyo-to Tokyo-shi","2-8-12 Ginza, Chuo-ku; , 104-0061; 0120-229130","","","","","Brewery"
"https://www.beeradvocate.com/place/list/?start=20&c_id=JP&brewery=Y&sort=name","Goodbeer Faucets","","","","4.1","1","-","0",""
"https://www.beeradvocate.com/place/list/?start=20&c_id=JP&brewery=Y&sort=name","","1-29-1, Shibuya-ku","Tokyo-to Tokyo-shi","1-29-1, Shibuya-ku; Crossroads 2F; , 150-0046; +81 03-3770-5544","","","","","Brewery, Bar, Eatery"
"https://www.beeradvocate.com/place/list/?start=20&c_id=JP&brewery=Y&sort=name","Gotenba Kohgen Brewery","","","","4.9","1","3.69","3",""
"https://www.beeradvocate.com/place/list/?start=20&c_id=JP&brewery=Y&sort=name","","719 Kamiyama","Shizuoka-ken Gotenba-shi","719 Kamiyama; , 412-0033; 0550-87-5500","","","","","Brewery, Eatery"
"https://www.beeradvocate.com/place/list/?start=20&c_id=JP&brewery=Y&sort=name","Hakata Nakasu Brewery / Beer Pub Ilex","","","","-","-","-","0",""
"https://www.beeradvocate.com/place/list/?start=20&c_id=JP&brewery=Y&sort=name","","5-3-4 Nakasu, Hakata-ku","Fukuoka-ken Fukuoka-shi","5-3-4 Nakasu, Hakata-ku; Hakata Shiroyama Hotel 1F; , 810-0801; +81 092 271 4081","","","","","Brewery, Bar, Eatery"
"https://www.beeradvocate.com/place/list/?start=20&c_id=JP&brewery=Y&sort=name","Hakkaisan K.K.","","","","-","-","-","2",""
"https://www.beeradvocate.com/place/list/?start=20&c_id=JP&brewery=Y&sort=name","","Nagamori 1051","Niigata-ken Uonuma-shi","Nagamori 1051; , 949-7112; 025-775-3939","","","","","Brewery, Bar"
"https://www.beeradvocate.com/place/list/?start=20&c_id=JP&brewery=Y&sort=name","Hakodate Bakusyu Koubou / Beelong's Beer","","","","-","-","-","0",""
"https://www.beeradvocate.com/place/list/?start=20&c_id=JP&brewery=Y&sort=name","","12-19, Wakamatsu-cho","Hokkaido Hakodate-shi","12-19, Wakamatsu-cho; , 040-0063; 0138-26-1122","","","","","Brewery, Eatery"
"https://www.beeradvocate.com/place/list/?start=20&c_id=JP&brewery=Y&sort=name","Hakodate Beer","","","","3.99","1","-","1",""
"https://www.beeradvocate.com/place/list/?start=20&c_id=JP&brewery=Y&sort=name","","5-22 Ohte-mach Meijikan Ave","Hokkaido Hakodate-shi","5-22 Ohte-mach Meijikan Ave; , 040-0064; 0138-23-8000","","","","","Brewery, Eatery"
"https://www.beeradvocate.com/place/list/?c_id=JP&s_id=0&brewery=Y","A.J.I. Beer Inc","","","","-","-","3.87","13",""
"https://www.beeradvocate.com/place/list/?c_id=JP&s_id=0&brewery=Y","","3-19-11 Makiochi","Osaka-fu Minoh-shi","3-19-11 Makiochi; , 562-0004; 0727-25-7234","","","","","Brewery"
"https://www.beeradvocate.com/place/list/?c_id=JP&s_id=0&brewery=Y","Abashiri, K.K.","","","","-","-","2.64","4",""
"https://www.beeradvocate.com/place/list/?c_id=JP&s_id=0&brewery=Y","","4-1-2 Nijou Nishi, Minami","Hokkaido Abashiri-shi","4-1-2 Nijou Nishi, Minami; , 093-0012; 0152-45-5100","","","","","Brewery, Eatery"
"https://www.beeradvocate.com/place/list/?c_id=JP&s_id=0&brewery=Y","Akashi Brewery K.K.","","","","-","-","-","0",""
"https://www.beeradvocate.com/place/list/?c_id=JP&s_id=0&brewery=Y","","2464-1 Shizumi Uozumi-cho","Hyogo-ken Akashi-shi","2464-1 Shizumi Uozumi-cho; , 674-0074; 078-943-1333","","","","","Brewery"
"https://www.beeradvocate.com/place/list/?c_id=JP&s_id=0&brewery=Y","Anjo Den Brewery","","","","-","-","-","0",""
"https://www.beeradvocate.com/place/list/?c_id=JP&s_id=0&brewery=Y","","Kaji 1, Akamatsu-cho","Aichi-ken Anjo-shi","Kaji 1, Akamatsu-cho; Sangyo, Bunka, Koen, Denpark; , 446-0046; +81 (0) 566 92-7755","","","","","Brewery, Bar, Eatery"
"https://www.beeradvocate.com/place/list/?c_id=JP&s_id=0&brewery=Y","Asahi Beer Hokkaido Brewery","","","","-","-","-","0",""
"https://www.beeradvocate.com/place/list/?c_id=JP&s_id=0&brewery=Y","","Shiroishi-ku, Nangoudouri 4, South 1-1","Hokkaido Sapporo-shi","Shiroishi-ku, Nangoudouri 4, South 1-1; , 003-0022; 011-863-3515","","","","","Brewery"
"https://www.beeradvocate.com/place/list/?c_id=JP&s_id=0&brewery=Y","Asahi Breweries Ltd","","","","-","-","2.92","41",""
"https://www.beeradvocate.com/place/list/?c_id=JP&s_id=0&brewery=Y","","23-1, Azumabashi 1-chome, Sumida-ku","Tokyo-to Tokyo-shi","23-1, Azumabashi 1-chome, Sumida-ku; , 130-8602; +81 3 5608 5112","","","","","Brewery"
"https://www.beeradvocate.com/place/list/?c_id=JP&s_id=0&brewery=Y","Awa Bakushu","","","","-","-","-","0",""
"https://www.beeradvocate.com/place/list/?c_id=JP&s_id=0&brewery=Y","","394-1, Tanimukai, Miyoshi-mura","Chiba-ken Awa-gun","394-1, Tanimukai, Miyoshi-mura; , 294-0813; 0470-36-4231","","","","","Brewery"
"https://www.beeradvocate.com/place/list/?c_id=JP&s_id=0&brewery=Y","Azumino Brewery","","","","-","-","-","0",""
"https://www.beeradvocate.com/place/list/?c_id=JP&s_id=0&brewery=Y","","6687-7 Misato-mura, Ogura","Nagano-ken Azumino-shi","6687-7 Misato-mura, Ogura; , 399‐8103; 0263-77-8075","","","","","Brewery"
"https://www.beeradvocate.com/place/list/?c_id=JP&s_id=0&brewery=Y","Baeren Brauerei","","","","-","-","3.72","9",""
"https://www.beeradvocate.com/place/list/?c_id=JP&s_id=0&brewery=Y","","1-3-31 Kitayama","Iwate-ken Morioka-shi","1-3-31 Kitayama; , 020-0061; 019-606-0766","","","","","Brewery"
"https://www.beeradvocate.com/place/list/?c_id=JP&s_id=0&brewery=Y","Baird Brewing Company / Fishmarket Taproom","","","","4.33","8","3.84","59",""
"https://www.beeradvocate.com/place/list/?c_id=JP&s_id=0&brewery=Y","","19-4 Senbonminato-cho","Shizuoka-ken Numazu-shi","19-4 Senbonminato-cho; , 410-0845; 81-55-963-2628","","","","","Brewery, Eatery, Store"
"https://www.beeradvocate.com/place/list/?c_id=JP&s_id=0&brewery=Y","Bakushukan Clair (Kure Beer)","","","","-","-","-","5",""
"https://www.beeradvocate.com/place/list/?c_id=JP&s_id=0&brewery=Y","","Nakadouri 1-1-2 (Viewport Hotel 1F)","Hiroshima-ken Kure-shi","Nakadouri 1-1-2 (Viewport Hotel 1F); , 737-0046; 0823-26-9090","","","","","Brewery, Eatery"
"https://www.beeradvocate.com/place/list/?c_id=JP&s_id=0&brewery=Y","Bayern Meister Bier","","","","-","-","-","2",""
"https://www.beeradvocate.com/place/list/?c_id=JP&s_id=0&brewery=Y","","1254-1 Kamiide","Shizuoka-ken Fujinomiya-shi","1254-1 Kamiide; , 418-0103; +81 0544-54-3311","","","","","Brewery, Bar, Eatery"
"https://www.beeradvocate.com/place/list/?c_id=JP&s_id=0&brewery=Y","Beer Forest Sapporo","","","","-","-","-","0",""
"https://www.beeradvocate.com/place/list/?c_id=JP&s_id=0&brewery=Y","","Takase 6979","Oita-ken Hita-shi","Takase 6979; , 877-0054; 0973-25-1100","","","","","Brewery, Eatery"
"https://www.beeradvocate.com/place/list/?c_id=JP&s_id=0&brewery=Y","Beer Station Ryogoku","","","","3.63","1","-","0",""
"https://www.beeradvocate.com/place/list/?c_id=JP&s_id=0&brewery=Y","","1-3-20,Yokoami,Sumida-ku","Tokyo-to Tokyo-shi","1-3-20,Yokoami,Sumida-ku; , 130-0015; 03-3623-5252","","","","","Brewery, Eatery"
"https://www.beeradvocate.com/place/list/?c_id=JP&s_id=0&brewery=Y","Beer Works Chitose","","","","3.88","2","-","0",""
"https://www.beeradvocate.com/place/list/?c_id=JP&s_id=0&brewery=Y","","7-2-1 Suehiro","Hokkaido Chitose-shi","7-2-1 Suehiro; , 066-0027; 0123-40-2510","","","","","Brewery, Eatery"
"https://www.beeradvocate.com/place/list/?c_id=JP&s_id=0&brewery=Y","Bier Kaffee Aqula","","","","3.78","1","-","6",""
"https://www.beeradvocate.com/place/list/?c_id=JP&s_id=0&brewery=Y","","Aqula Four Square, 1-2-40 Omachi","Akita-ken Akita-shi","Aqula Four Square, 1-2-40 Omachi; , 010-0921; 018-864-0141","","","","","Brewery, Eatery"
"https://www.beeradvocate.com/place/list/?c_id=JP&s_id=0&brewery=Y","Biwako Ii-Michi Biiru","","","","-","-","-","0",""
"https://www.beeradvocate.com/place/list/?c_id=JP&s_id=0&brewery=Y","","39 Sandai-ji","Shiga-ken Minakuchi-cho","39 Sandai-ji","","","","","Brewery, Eatery, Store"
"https://www.beeradvocate.com/place/list/?c_id=JP&s_id=0&brewery=Y","Brasserie Rancho El Paso","","","","4.42","2","-","0",""
"https://www.beeradvocate.com/place/list/?c_id=JP&s_id=0&brewery=Y","","6-Chome, Nishi 16-Jo Minami","Hokkaido Obihiro-shi","6-Chome, Nishi 16-Jo Minami; , 080-0026; 0155-36-8820","","","","","Brewery, Eatery"
"https://www.beeradvocate.com/place/list/?c_id=JP&s_id=0&brewery=Y","Braustuberl Yokohama","","","","-","-","-","0",""
"https://www.beeradvocate.com/place/list/?c_id=JP&s_id=0&brewery=Y","","2-2-1 Shinkocho, Naka-ku","Kanagawa-ken Yokohama-shi","2-2-1 Shinkocho, Naka-ku; , 231-0001; 045-222-2108","","","","","Brewery, Eatery"
"https://www.beeradvocate.com/place/list/?c_id=JP&s_id=0&brewery=Y","Brimmer Brewing","","","","-","-","3.91","6",""
"https://www.beeradvocate.com/place/list/?c_id=JP&s_id=0&brewery=Y","","4-27-14 Kuji, Takatsu-ku","Kanagawa-ken Kawasaki-shi","4-27-14 Kuji, Takatsu-ku; , 213-0032; +81 044-281-0541","","","","","Brewery"
"https://www.beeradvocate.com/place/list/?start=40&c_id=JP&brewery=Y&sort=name","Hakone Beer","","","","-","-","-","1",""
"https://www.beeradvocate.com/place/list/?start=40&c_id=JP&brewery=Y&sort=name","","245 Kazamatsuri","Kanagawa-ken Odawara-shi","245 Kazamatsuri; , 25-0032; +81 0465-23-7373","","","","","Brewery"
"https://www.beeradvocate.com/place/list/?start=40&c_id=JP&brewery=Y&sort=name","Hamanako Brewery","","","","-","-","-","0",""
"https://www.beeradvocate.com/place/list/?start=40&c_id=JP&brewery=Y&sort=name","","875-1 Oro","Shizuoka-ken Hamakita-shi","875-1 Oro; , 434-0505; 053-588-5353","","","","","Brewery"
"https://www.beeradvocate.com/place/list/?start=40&c_id=JP&brewery=Y&sort=name","Haneda Shuzo Y.K.","","","","-","-","-","2",""
"https://www.beeradvocate.com/place/list/?start=40&c_id=JP&brewery=Y&sort=name","","20 Keihoku, Syusan, Kitakawada-gun","Kyoto-fu Kyoto-shi","20 Keihoku, Syusan, Kitakawada-gun; , 601-0251; 0771-52-0080","","","","","Brewery, Eatery"
"https://www.beeradvocate.com/place/list/?start=40&c_id=JP&brewery=Y&sort=name","Hansharo Brewery / Restaurant Kurayanarusawa","","","","-","-","-","5",""
"https://www.beeradvocate.com/place/list/?start=40&c_id=JP&brewery=Y&sort=name","","268-1, Naka, Nirayama-cho","Shizuoka-ken Izunokuni-shi","268-1, Naka, Nirayama-cho; 410-2113?; , 420-0838; +81 055-949-1208","","","","","Brewery, Bar, Eatery"
"https://www.beeradvocate.com/place/list/?start=40&c_id=JP&brewery=Y&sort=name","Hanyu Brewery Co. Ltd.","","","","-","-","-","1",""
"https://www.beeradvocate.com/place/list/?start=40&c_id=JP&brewery=Y&sort=name","","1725 Mita Oaza","Saitama-ken Hanyu-shi","1725 Mita Oaza; , 348-0011; +81 048-565-5267","","","","","Brewery"
"https://www.beeradvocate.com/place/list/?start=40&c_id=JP&brewery=Y&sort=name","Harvest No Oka","","","","-","-","-","3",""
"https://www.beeradvocate.com/place/list/?start=40&c_id=JP&brewery=Y&sort=name","","2405-1 Hachigamineji Minami-ku","Osaka-fu Sakai-shi","2405-1 Hachigamineji Minami-ku; , 590-0125; +81 (72) 296-9911","","","","","Brewery, Bar, Eatery"
"https://www.beeradvocate.com/place/list/?start=40&c_id=JP&brewery=Y&sort=name","Hayashibune Yakurai Beer","","","","-","-","-","0",""
"https://www.beeradvocate.com/place/list/?start=40&c_id=JP&brewery=Y&sort=name","","1-81 Ajigabukuro, Yakuraihara, Onoda-cho","Miyagi-ken Gami-gun","1-81 Ajigabukuro, Yakuraihara, Onoda-cho; , 981-4375; 0229-67-6211","","","","","Brewery, Eatery"
"https://www.beeradvocate.com/place/list/?start=40&c_id=JP&brewery=Y&sort=name","Helios Distillery Co., Ltd.","","","","-","-","3.41","8",""
"https://www.beeradvocate.com/place/list/?start=40&c_id=JP&brewery=Y&sort=name","","405 Kyoda","Okinawa-ken Nago-shi","405 Kyoda; , 905-0024; 0120-89-3875","","","","","Brewery"
"https://www.beeradvocate.com/place/list/?start=40&c_id=JP&brewery=Y&sort=name","Hidaka Beer, Inc.","","","","-","-","-","2",""
"https://www.beeradvocate.com/place/list/?start=40&c_id=JP&brewery=Y&sort=name","","773-4 Shoya, Erimo-machi","Hokkaido Horoizumi-gun","773-4 Shoya, Erimo-machi; , 058-0421; 0120-198-778","","","","","Brewery"
"https://www.beeradvocate.com/place/list/?start=40&c_id=JP&brewery=Y&sort=name","Hidatakayama Brewing Agricultural Corporation, Ltd","","","","-","-","3.84","5",""
"https://www.beeradvocate.com/place/list/?start=40&c_id=JP&brewery=Y&sort=name","","999 Matusmura-cho","Gifu-ken Takayama-shi","999 Matusmura-cho; , 506-0808; +81 0577 32 0365","","","","","Brewery"
"https://www.beeradvocate.com/place/list/?start=40&c_id=JP&brewery=Y&sort=name","Hideji Beer","","","","-","-","3.79","14",""
"https://www.beeradvocate.com/place/list/?start=40&c_id=JP&brewery=Y&sort=name","","747-56 Mukabaki-cho","Miyazaki-ken Nobeoka-shi","747-56 Mukabaki-cho; , 882-0077; 0982-39-0090","","","","","Brewery"
"https://www.beeradvocate.com/place/list/?start=40&c_id=JP&brewery=Y&sort=name","Hokkaido Beer Brewery","","","","-","-","-","0",""
"https://www.beeradvocate.com/place/list/?start=40&c_id=JP&brewery=Y&sort=name","","16 Kitajuujounishi, Chuuou-ku","Hokkaido Sapporo-shi","16 Kitajuujounishi, Chuuou-ku; , 060-0010","","","","","Brewery"
"https://www.beeradvocate.com/place/list/?start=40&c_id=JP&brewery=Y&sort=name","Hokkaido Brewing","","","","-","-","-","5",""
"https://www.beeradvocate.com/place/list/?start=40&c_id=JP&brewery=Y&sort=name","","1 Arihoro-Cho","Hokkaido Otaru-shi","1 Arihoro-Cho; , 047-0006; +81 0134-62-0770","","","","","Brewery"
"https://www.beeradvocate.com/place/list/?start=40&c_id=JP&brewery=Y&sort=name","Hokusetsu Brewery","","","","-","-","-","0",""
"https://www.beeradvocate.com/place/list/?start=40&c_id=JP&brewery=Y&sort=name","","2377-2 Tokuwa, Akadomari-mura","Niigata-ken Sado-shi","2377-2 Tokuwa, Akadomari-mura; , 952-0706; +81 0259-87-3105","","","","","Brewery"
"https://www.beeradvocate.com/place/list/?start=40&c_id=JP&brewery=Y&sort=name","Hopp Hopp","","","","-","-","-","0",""
"https://www.beeradvocate.com/place/list/?start=40&c_id=JP&brewery=Y&sort=name","","2-8 Se, Shinoharacho","Ishikawa-ken Kaga-shi","2-8 Se, Shinoharacho; , 922-0442; 0761-75-8281","","","","","Brewery, Eatery"
"https://www.beeradvocate.com/place/list/?start=40&c_id=JP&brewery=Y&sort=name","Hoppy Beverage Co., Ltd.","","","","-","-","2.19","5",""
"https://www.beeradvocate.com/place/list/?start=40&c_id=JP&brewery=Y&sort=name","","2-15-12 Akasaka, Minato-ku","Tokyo-to Tokyo-shi","2-15-12 Akasaka, Minato-ku; , 107-0052; 03-3583-8255","","","","","Brewery"
"https://www.beeradvocate.com/place/list/?start=40&c_id=JP&brewery=Y&sort=name","Hosokawa Sake Brewing Co., Ltd.","","","","-","-","-","0",""
"https://www.beeradvocate.com/place/list/?start=40&c_id=JP&brewery=Y&sort=name","","1474 Kono, Tado-cho","Mie-ken Kuwana-shi","1474 Kono, Tado-cho; , 511-0122; 0594-48-4390","","","","","Brewery"
"https://www.beeradvocate.com/place/list/?start=40&c_id=JP&brewery=Y&sort=name","Hyouko Yashiki No Mori Brewery","","","","-","-","3.99","10",""
"https://www.beeradvocate.com/place/list/?start=40&c_id=JP&brewery=Y&sort=name","","345-11 Kanaya","Niigata-ken Akano-shi","345-11 Kanaya; , 959-1944; 0250 63 2000","","","","","Brewery, Bar"
"https://www.beeradvocate.com/place/list/?start=40&c_id=JP&brewery=Y&sort=name","I.M. International Rokko Brewery","","","","-","-","-","1",""
"https://www.beeradvocate.com/place/list/?start=40&c_id=JP&brewery=Y&sort=name","","351-1 Arino, Kita-ku","Hyogo-ken Kobe-shi","351-1 Arino, Kita-ku; , 651-1312; 078-981-2130","","","","","Brewery"
"https://www.beeradvocate.com/place/list/?start=40&c_id=JP&brewery=Y&sort=name","Inawashiro Brewery","","","","-","-","-","3",""
"https://www.beeradvocate.com/place/list/?start=40&c_id=JP&brewery=Y&sort=name","","85 Aza Murahigashi Mitsu, Inawashiro-machi","Fukushima-ken Yama-gun","85 Aza Murahigashi Mitsu, Inawashiro-machi; , 969-3284; o242-63-2177","","","","","Brewery, Eatery"
"https://www.beeradvocate.com/place/list/?start=60&c_id=JP&brewery=Y&sort=name","Inuyama Loreley Beer","","","","-","-","-","0",""
"https://www.beeradvocate.com/place/list/?start=60&c_id=JP&brewery=Y&sort=name","","70 Narumikyou Haguro","Aichi-ken Inuyama-shi","70 Narumikyou Haguro; , 484-0894; 0568-67-6767","","","","","Brewery, Eatery"
"https://www.beeradvocate.com/place/list/?start=60&c_id=JP&brewery=Y&sort=name","Ishigakijima Dachsbrauhaus","","","","-","-","-","3",""
"https://www.beeradvocate.com/place/list/?start=60&c_id=JP&brewery=Y&sort=name","","2094-4, Arakawa","Okinawa-ken Ishigaki-shi","2094-4, Arakawa; , 907-0024; (09808) 3-0202","","","","","Brewery, Eatery"
"https://www.beeradvocate.com/place/list/?start=60&c_id=JP&brewery=Y&sort=name","Ishikari Banya No Ji-Beer","","","","-","-","-","1",""
"https://www.beeradvocate.com/place/list/?start=60&c_id=JP&brewery=Y&sort=name","","30-4 Benten-cho","Hokkaido Ishikari-shi","30-4 Benten-cho; , 061-3372; 0133-62-5010","","","","","Brewery"
"https://www.beeradvocate.com/place/list/?start=60&c_id=JP&brewery=Y&sort=name","Ishikawa Brewery Co., Ltd","","","","-","-","3.97","5",""
"https://www.beeradvocate.com/place/list/?start=60&c_id=JP&brewery=Y&sort=name","","1 Kumagawa","Tokyo-to Fussa-shi","1 Kumagawa; , 197-8623; +81 42-553-0171","","","","","Brewery"
"https://www.beeradvocate.com/place/list/?start=60&c_id=JP&brewery=Y&sort=name","Izu Kogen","","","","-","-","-","0",""
"https://www.beeradvocate.com/place/list/?start=60&c_id=JP&brewery=Y&sort=name","","1103-21 Futo","Shizuoka-ken Itou-shi","1103-21 Futo; , 413-0231; 0557-51-3000","","","","","Brewery"
"https://www.beeradvocate.com/place/list/?start=60&c_id=JP&brewery=Y&sort=name","Joyful Honda Co., Ltd.","","","","-","-","3.92","7",""
"https://www.beeradvocate.com/place/list/?start=60&c_id=JP&brewery=Y&sort=name","","1-16-2 Fujisaki","Ibaraki-ken Tsuchiura-shi","1-16-2 Fujisaki; , 300-0813; (29) 822-2435","","","","","Brewery"
"https://www.beeradvocate.com/place/list/?start=60&c_id=JP&brewery=Y&sort=name","Jyohana Beer","","","","-","-","-","0",""
"https://www.beeradvocate.com/place/list/?start=60&c_id=JP&brewery=Y&sort=name","","340 Hosono","Toyama-ken Nanto-shi","340 Hosono; , 939-1805; 0763-62-2283","","","","","Brewery"
"https://www.beeradvocate.com/place/list/?start=60&c_id=JP&brewery=Y&sort=name","K's Brewing Company","","","","-","-","-","0",""
"https://www.beeradvocate.com/place/list/?start=60&c_id=JP&brewery=Y&sort=name","","Jonan-ku Befu 1-19-1","Fukuoka-ken Fukuoka-shi","Jonan-ku Befu 1-19-1; , 814-0104; 092-841-6336","","","","","Brewery, Eatery"
"https://www.beeradvocate.com/place/list/?start=60&c_id=JP&brewery=Y&sort=name","Kagawa Brewery","","","","-","-","-","0",""
"https://www.beeradvocate.com/place/list/?start=60&c_id=JP&brewery=Y&sort=name","","624 Terai, Kagawawa-cho","Kagawa-ken Takamatsu-shi","624 Terai, Kagawawa-cho; , 761-1702; 087-889-8001","","","","","Brewery"
"https://www.beeradvocate.com/place/list/?start=60&c_id=JP&brewery=Y&sort=name","Kamakura Beer Brewing Company","","","","-","-","3.27","5",""
"https://www.beeradvocate.com/place/list/?start=60&c_id=JP&brewery=Y&sort=name","","3-1-4 Omachi,","Kanagawa-ken Kamakura-shi","3-1-4 Omachi,; , 248-007; 0467-23-5533","","","","","Brewery"
"https://www.beeradvocate.com/place/list/?start=60&c_id=JP&brewery=Y&sort=name","Kamihei Sake Brewing / Zumona Beer","","","","-","-","-","1",""
"https://www.beeradvocate.com/place/list/?start=60&c_id=JP&brewery=Y&sort=name","","31-19-7, Aozasa-cho-nukamae","Iwate-ken Tono-shi","31-19-7, Aozasa-cho-nukamae; , 028-0501; +81 0198-62-2002","","","","","Brewery"
"https://www.beeradvocate.com/place/list/?start=60&c_id=JP&brewery=Y&sort=name","Kankiku Brewery","","","","-","-","3.18","5",""
"https://www.beeradvocate.com/place/list/?start=60&c_id=JP&brewery=Y&sort=name","","11 Takenosato, Matsuo-machi","Chiba-ken Sanbu-gun","11 Takenosato, Matsuo-machi; , 289-1532; 0479-86-3050","","","","","Brewery"
"https://www.beeradvocate.com/place/list/?start=60&c_id=JP&brewery=Y&sort=name","Karuizawa Brewery","","","","-","-","3.2","11",""
"https://www.beeradvocate.com/place/list/?start=60&c_id=JP&brewery=Y&sort=name","","64-3 Nagatoro","Saku-Shi Nagano-Ken","64-3 Nagatoro; , 385-0021; +81 (120) 919-144","","","","","Brewery"
"https://www.beeradvocate.com/place/list/?start=60&c_id=JP&brewery=Y&sort=name","Kibidote Shita Fudan Nomiba","","","","-","-","-","1",""
"https://www.beeradvocate.com/place/list/?start=60&c_id=JP&brewery=Y&sort=name","","4-2-18 Kitagata","Okayama-ken Okayama-shi","4-2-18 Kitagata; Kita-ku; , 700-0803; +81 0 86-235-5712","","","","","Brewery"
"https://www.beeradvocate.com/place/list/?start=60&c_id=JP&brewery=Y&sort=name","Kikazakura K.K.","","","","-","-","-","0",""
"https://www.beeradvocate.com/place/list/?start=60&c_id=JP&brewery=Y&sort=name","","Yoko Oojishimo Misukajiwara-cho 53, Fushimi-ku","Kyoto-fu Kyoto-shi","Yoko Oojishimo Misukajiwara-cho 53, Fushimi-ku; , 612-8242; 075-611-8115","","","","","Brewery"
"https://www.beeradvocate.com/place/list/?start=60&c_id=JP&brewery=Y&sort=name","Kinosaki Beer & Dining / Gubigabu","","","","-","-","-","0",""
"https://www.beeradvocate.com/place/list/?start=60&c_id=JP&brewery=Y&sort=name","","128 Kuruhi, Kinosaki-cho","Hyogo-ken Toyooka-shi","128 Kuruhi, Kinosaki-cho; , 669-6115; 0796-32-4545","","","","","Brewery, Eatery"
"https://www.beeradvocate.com/place/list/?start=60&c_id=JP&brewery=Y&sort=name","Kirin Brewery Company, Limited","","","","-","2","3.05","67",""
"https://www.beeradvocate.com/place/list/?start=60&c_id=JP&brewery=Y&sort=name","","10-1, Shinkawa 2-chome, Chuo-ku","Tokyo-to Tokyo-shi","10-1, Shinkawa 2-chome, Chuo-ku; , 104-8288; +81-3-5540-3411","","","","","Brewery"
"https://www.beeradvocate.com/place/list/?start=60&c_id=JP&brewery=Y&sort=name","Kirin Plaza Osaka","","","","3.79","2","-","0",""
"https://www.beeradvocate.com/place/list/?start=60&c_id=JP&brewery=Y&sort=name","","7-2 Soemoncho, Chuo-ku","Osaka-fu Osaka-shi","7-2 Soemoncho, Chuo-ku; , 542-0084; 06－6212－6578","","","","","Brewery, Eatery"
"https://www.beeradvocate.com/place/list/?start=60&c_id=JP&brewery=Y&sort=name","Kirishima Corporation","","","","-","-","-","3",""
"https://www.beeradvocate.com/place/list/?start=60&c_id=JP&brewery=Y&sort=name","","4-28-1 Shimokawa-higashi","Miyazaki-ken Miyakonojou-shi","4-28-1 Shimokawa-higashi; , 885-0011","","","","","Brewery"
"https://www.beeradvocate.com/place/list/?start=60&c_id=JP&brewery=Y&sort=name","Kisoji Barley House","","","","-","-","-","2",""
"https://www.beeradvocate.com/place/list/?start=60&c_id=JP&brewery=Y&sort=name","","2278 Adzuma, Nagisomachi","Nagano-ken Kiso-gun","2278 Adzuma, Nagisomachi; , 399-5302; 0264-58-1111","","","","","Brewery, Eatery"
"https://www.beeradvocate.com/place/list/?start=80&c_id=JP&brewery=Y&sort=name","Kiuchi Brewery","","","","-","-","3.83","27",""
"https://www.beeradvocate.com/place/list/?start=80&c_id=JP&brewery=Y&sort=name","","1257, Kounosu, Naka-machi","Ibaraki-ken Naka-gun","1257, Kounosu, Naka-machi; , 311-0133; +81 (0)29 298 0105","","","","","Brewery"
"https://www.beeradvocate.com/place/list/?start=80&c_id=JP&brewery=Y&sort=name","Kizakura Sake Brewing Co., Ltd.","","","","-","-","-","7",""
"https://www.beeradvocate.com/place/list/?start=80&c_id=JP&brewery=Y&sort=name","","223 Shioya-machi, Fushimi-ku","Kyoto-fu Kyoto-shi","223 Shioya-machi, Fushimi-ku; , 612-8046; 075 - 611 -8115","","","","","Brewery"
"https://www.beeradvocate.com/place/list/?start=80&c_id=JP&brewery=Y&sort=name","Konishi Brewing Co. (Shirayuki beer)","","","","-","-","-","3",""
"https://www.beeradvocate.com/place/list/?start=80&c_id=JP&brewery=Y&sort=name","","3-5-8 Chuo","Hyogo-ken Itami-shi","3-5-8 Chuo; , 664-0851; +81 072-775-0524","","","","","Brewery, Bar, Eatery"
"https://www.beeradvocate.com/place/list/?start=80&c_id=JP&brewery=Y&sort=name","Kori Kori No Kuni","","","","3.45","1","-","3",""
"https://www.beeradvocate.com/place/list/?start=80&c_id=JP&brewery=Y&sort=name","","773-2 Takayama-cho 3-chome","Gifu-ken Takayama-shi","773-2 Takayama-cho 3-chome; Kami-Okamoto-cho; , 506-0031; +81 0577-36-3434","","","","","Brewery, Bar, Eatery"
"https://www.beeradvocate.com/place/list/?start=80&c_id=JP&brewery=Y&sort=name","Koshi No Iso","","","","-","-","-","0",""
"https://www.beeradvocate.com/place/list/?start=80&c_id=JP&brewery=Y&sort=name","","5-8-25 Oomiya","Fukui-ken Fukui-shi","5-8-25 Oomiya; , 910-0016; 0776-22-7711","","","","","Brewery"
"https://www.beeradvocate.com/place/list/?start=80&c_id=JP&brewery=Y&sort=name","Kumano Beer, K.K.","","","","-","-","-","0",""
"https://www.beeradvocate.com/place/list/?start=80&c_id=JP&brewery=Y&sort=name","","302 Kaminagai, Kumanogawa-cho","Wakayama-ken Higashimuro-gun","302 Kaminagai, Kumanogawa-cho; , 647-1201; 0735-45-8005","","","","","Brewery"
"https://www.beeradvocate.com/place/list/?start=80&c_id=JP&brewery=Y&sort=name","Kumazawa Brewing Co. / Shonan Beer and Trattoria Mokichi","","","","-","-","3.86","8",""
"https://www.beeradvocate.com/place/list/?start=80&c_id=JP&brewery=Y&sort=name","","7-10-7 Kagawa","Kanagawa-ken Chigasaki-shi","7-10-7 Kagawa; , 253-0082; 0467-52-6111","","","","","Brewery, Eatery"
"https://www.beeradvocate.com/place/list/?start=80&c_id=JP&brewery=Y&sort=name","Kunino Cho","","","","-","-","-","1",""
"https://www.beeradvocate.com/place/list/?start=80&c_id=JP&brewery=Y&sort=name","","3-26-12 Tomita-cho","Osaka-fu Takatsuki-shi","3-26-12 Tomita-cho; , 569-0814; 0726-96-0003","","","","","Brewery"
"https://www.beeradvocate.com/place/list/?start=80&c_id=JP&brewery=Y&sort=name","Kushiro Harbor Beer","","","","-","-","-","0",""
"https://www.beeradvocate.com/place/list/?start=80&c_id=JP&brewery=Y&sort=name","","4-1 Irifune","Hokkaido Kushiro-shi","4-1 Irifune; , 085-0846; 0154-42-9460","","","","","Brewery, Eatery"
"https://www.beeradvocate.com/place/list/?start=80&c_id=JP&brewery=Y&sort=name","Kyoto Brewing Company","","","","-","-","3.7","10",""
"https://www.beeradvocate.com/place/list/?start=80&c_id=JP&brewery=Y&sort=name","","25-1 Nishikujo Takahatacho, Minami-ku","Kyoto-fu Kyoto-shi","25-1 Nishikujo Takahatacho, Minami-ku; , 601-8446; +81 075-574-7820","","","","","Brewery"
"https://www.beeradvocate.com/place/list/?start=80&c_id=JP&brewery=Y&sort=name","Land Beer","","","","-","-","3.58","10",""
"https://www.beeradvocate.com/place/list/?start=80&c_id=JP&brewery=Y&sort=name","","1-7-34 Naka-ku Sakae","Aichi-ken Nagoya-shi","1-7-34 Naka-ku Sakae; , 460-0008; +81 052-223-9192","","","","","Brewery"
"https://www.beeradvocate.com/place/list/?start=80&c_id=JP&brewery=Y&sort=name","Libushi","","","","-","-","-","0",""
"https://www.beeradvocate.com/place/list/?start=80&c_id=JP&brewery=Y&sort=name","","9347 Oaza-Toyosato, Nozawaonsen-Mura","Nagano-ken Shimotakai-gun","9347 Oaza-Toyosato, Nozawaonsen-Mura; , 389-2502; +81 80-6930-3992","","","","","Brewery, Bar, Eatery"
"https://www.beeradvocate.com/place/list/?start=80&c_id=JP&brewery=Y&sort=name","Locobeer","","","","-","-","-","8",""
"https://www.beeradvocate.com/place/list/?start=80&c_id=JP&brewery=Y&sort=name","","1193 Jōza","Chiba-ken Sakura-shi","1193 Jōza; , 285-0854; +81 043-487-6914","","","","","Brewery"
"https://www.beeradvocate.com/place/list/?start=80&c_id=JP&brewery=Y&sort=name","Maihama Beer Koubou Harvestmoon Brewery At Roti's House","","","","3.86","2","3.87","9",""
"https://www.beeradvocate.com/place/list/?start=80&c_id=JP&brewery=Y&sort=name","","Ikspiari 4F, Chef's Row, 1-4 Maihama","Chiba-ken Urayasu-shi","Ikspiari 4F, Chef's Row, 1-4 Maihama; , 279-8529; 047-305-5652","","","","","Brewery, Eatery"
"https://www.beeradvocate.com/place/list/?start=80&c_id=JP&brewery=Y&sort=name","Marca Cafe & Beer Factory","","","","-","-","-","3",""
"https://www.beeradvocate.com/place/list/?start=80&c_id=JP&brewery=Y&sort=name","","3-7-28 Kitahorie, Nishi-ku","Osaka-fu Osaka-shi","3-7-28 Kitahorie, Nishi-ku; , 550-0014","","","","","Brewery, Bar"
"https://www.beeradvocate.com/place/list/?start=80&c_id=JP&brewery=Y&sort=name","Matsuya Kyoto Machiya Beer Brewery","","","","3.51","2","3.43","6",""
"https://www.beeradvocate.com/place/list/?start=80&c_id=JP&brewery=Y&sort=name","","2 Jou-agari, Sakaimachi, Kameya-machi 173, Nakagyo","Kyoto-fu Kyoto-shi","2 Jou-agari, Sakaimachi, Kameya-machi 173, Nakagyo; , 604-0811; 075-223-2178","","","","","Brewery, Bar, Eatery"
"https://www.beeradvocate.com/place/list/?start=80&c_id=JP&brewery=Y&sort=name","Minakuchi Shuzo, K.K.","","","","-","-","-","0",""
"https://www.beeradvocate.com/place/list/?start=80&c_id=JP&brewery=Y&sort=name","","3-23 Dogokitacho","Ehime-ken Matsuyama-shi","3-23 Dogokitacho; , 790-0848; 81-899-24-6616","","","","","Brewery, Eatery"
"https://www.beeradvocate.com/place/list/?start=80&c_id=JP&brewery=Y&sort=name","Minami Aizu Brewing Company, Ltd","","","","-","-","-","0",""
"https://www.beeradvocate.com/place/list/?start=80&c_id=JP&brewery=Y&sort=name","","1460 Nihon Yanagi, Narato, Tadami-machi","Fukushima-ken MinamiAizu-gun","1460 Nihon Yanagi, Narato, Tadami-machi; , 968-0431; 0902-678-8038","","","","","Brewery"
"https://www.beeradvocate.com/place/list/?start=80&c_id=JP&brewery=Y&sort=name","Minamishinsyu Brewery","","","","3.9","1","3.95","9",""
"https://www.beeradvocate.com/place/list/?start=80&c_id=JP&brewery=Y&sort=name","","759-447 Akaho","Nagano-ken Komagane-shi","759-447 Akaho; , 399-4117; 0265-85-5777","","","","","Brewery, Eatery"
"https://www.beeradvocate.com/place/list/?start=80&c_id=JP&brewery=Y&sort=name","Miyaji Beer, K.K.","","","","-","-","-","0",""
"https://www.beeradvocate.com/place/list/?start=80&c_id=JP&brewery=Y&sort=name","","272-1 Miyakomachi","Gumma-ken Isesaki-shi","272-1 Miyakomachi; , 372-0801; 0270-20-7294","","","","","Brewery"
"https://www.beeradvocate.com/place/list/?start=100&c_id=JP&brewery=Y&sort=name","Miyajima Beer Ltd.","","","","-","-","-","4",""
"https://www.beeradvocate.com/place/list/?start=100&c_id=JP&brewery=Y&sort=name","","1-4-13-503 Miyajima West Gate","Hiroshima-Ken Hatsukaichi-Shi","1-4-13-503 Miyajima West Gate; Miyajimaguchinishi; , 739-0412; 080-3401-3984","","","","","Brewery, Bar"
"https://www.beeradvocate.com/place/list/?start=100&c_id=JP&brewery=Y&sort=name","Miyamori Brauhaus","","","","-","-","-","0",""
"https://www.beeradvocate.com/place/list/?start=100&c_id=JP&brewery=Y&sort=name","","21-110-1 Shimomasuzawa, Miyamori-cho","Iwate-ken Tono-shi","21-110-1 Shimomasuzawa, Miyamori-cho; , 028-0303; 0198-66-2011","","","","","Brewery, Bar, Eatery"
"https://www.beeradvocate.com/place/list/?start=100&c_id=JP&brewery=Y&sort=name","Miyashita Shuzo","","","","-","-","-","3",""
"https://www.beeradvocate.com/place/list/?start=100&c_id=JP&brewery=Y&sort=name","","184 Nishi-Kawahara","Okayama-ken Okayama-shi","184 Nishi-Kawahara; , 703-8256; 086-272-5594","","","","","Brewery"
"https://www.beeradvocate.com/place/list/?start=100&c_id=JP&brewery=Y&sort=name","Miyoshi Beer Co., Ltd. - Sanji Beer Co.","","","","-","-","-","0",""
"https://www.beeradvocate.com/place/list/?start=100&c_id=JP&brewery=Y&sort=name","","1-4-21 Tookaichinishi","Hiroshima-ken Miyayoshi-shi","1-4-21 Tookaichinishi; , 728-0011; 0824-63-3131","","","","","Brewery, Eatery"
"https://www.beeradvocate.com/place/list/?start=100&c_id=JP&brewery=Y&sort=name","Mojiko Retro Beer Co., Ltd.","","","","3.8","1","-","0",""
"https://www.beeradvocate.com/place/list/?start=100&c_id=JP&brewery=Y&sort=name","","Moji-ku, Higashiminato-cho 6-9","Fukuoka-ken Kitakyushu-shi","Moji-ku, Higashiminato-cho 6-9; , 801-0853; 093-321-6885","","","","","Brewery, Eatery"
"https://www.beeradvocate.com/place/list/?start=100&c_id=JP&brewery=Y&sort=name","Munemasa Brewing","","","","-","-","-","0",""
"https://www.beeradvocate.com/place/list/?start=100&c_id=JP&brewery=Y&sort=name","","340-28 Chuubu-otsu, Aritacho","Saga-ken Nishimatsuura-gun","340-28 Chuubu-otsu, Aritacho; , 844-0014; 0955-41-0030","","","","","Brewery"
"https://www.beeradvocate.com/place/list/?start=100&c_id=JP&brewery=Y&sort=name","Nagahama Roman Beer Co.","","","","3.1","1","-","2",""
"https://www.beeradvocate.com/place/list/?start=100&c_id=JP&brewery=Y&sort=name","","14 Asahi-cho,","Shiga-ken Nagahama-shi","14 Asahi-cho,; , 526-0056; 0749-63-4300","","","","","Brewery, Eatery"
"https://www.beeradvocate.com/place/list/?start=100&c_id=JP&brewery=Y&sort=name","Nagasaki Ōshima Jōzō Kabushiki Gaisha","","","","-","-","-","0",""
"https://www.beeradvocate.com/place/list/?start=100&c_id=JP&brewery=Y&sort=name","","Ōshima-chō 830 Banchi","Nakasaki-ken Saikai-shi","Ōshima-chō 830 Banchi; , 857-2401; 0959-34-5678","","","","","Brewery"
"https://www.beeradvocate.com/place/list/?start=100&c_id=JP&brewery=Y&sort=name","Nagisa Beer K.K.","","","","-","-","-","2",""
"https://www.beeradvocate.com/place/list/?start=100&c_id=JP&brewery=Y&sort=name","","1197-18 Shirahama-cho","Wakayama-ken Nishimuro-gun","1197-18 Shirahama-cho; , 649-2211; 0739-43-7386","","","","","Brewery"
"https://www.beeradvocate.com/place/list/?start=100&c_id=JP&brewery=Y&sort=name","Nanto Brewery","","","","-","-","-","3",""
"https://www.beeradvocate.com/place/list/?start=100&c_id=JP&brewery=Y&sort=name","","Makishi 1-3-24","Okinawa-ken Naha-shi","Makishi 1-3-24; , 900-0013; +81 098-948-2001","","","","","Brewery"
"https://www.beeradvocate.com/place/list/?start=100&c_id=JP&brewery=Y&sort=name","Nasu Kogen Beer Co. Ltd.","","","","-","-","-","1",""
"https://www.beeradvocate.com/place/list/?start=100&c_id=JP&brewery=Y&sort=name","","3986 Takakuko, Oazataka-ku, Nasu-machi","Tochigi-ken Nasu-gun","3986 Takakuko, Oazataka-ku, Nasu-machi; , 325-0001; +81 0287-62-8968","","","","","Brewery, Eatery"
"https://www.beeradvocate.com/place/list/?start=100&c_id=JP&brewery=Y&sort=name","Nide Beer Ltd.","","","","-","-","-","4",""
"https://www.beeradvocate.com/place/list/?start=100&c_id=JP&brewery=Y&sort=name","","1-29-1 Shoto 1-chome, Crossroads Bldg 4F","Tokyo-to Tokyo-shi","1-29-1 Shoto 1-chome, Crossroads Bldg 4F; Shibuya-ku; , 150-0046; +81 (03) 6416-5910","","","","","Brewery"
"https://www.beeradvocate.com/place/list/?start=100&c_id=JP&brewery=Y&sort=name","Nihon Beer Jōzō K.K.","","","","-","-","-","0",""
"https://www.beeradvocate.com/place/list/?start=100&c_id=JP&brewery=Y&sort=name","","Shimokanuki Shimoshōji 3140-5","Shizuoka-ken Numazu-shi","Shimokanuki Shimoshōji 3140-5; , 410-0822; 055-933-3768","","","","","Brewery"
"https://www.beeradvocate.com/place/list/?start=100&c_id=JP&brewery=Y&sort=name","Nihon Beer K.K.","","","","-","-","-","0",""
"https://www.beeradvocate.com/place/list/?start=100&c_id=JP&brewery=Y&sort=name","","1-8-10 Kamimeguro, Meguro-ku","Tokyo-to Tokyo-shi","1-8-10 Kamimeguro, Meguro-ku; , 153-0051; 03-5489-8888","","","","","Brewery"
"https://www.beeradvocate.com/place/list/?start=100&c_id=JP&brewery=Y&sort=name","Nihonkai Yuhi Brewery","","","","-","-","-","0",""
"https://www.beeradvocate.com/place/list/?start=100&c_id=JP&brewery=Y&sort=name","","107-225 Nodzumi, Teradomari-machi","Niigata-ken Santou-gun","107-225 Nodzumi, Teradomari-machi; , 940-2513; 0258-75-4966","","","","","Brewery, Eatery"
"https://www.beeradvocate.com/place/list/?start=100&c_id=JP&brewery=Y&sort=name","Niigata Beer Co.","","","","-","-","3.08","10",""
"https://www.beeradvocate.com/place/list/?start=100&c_id=JP&brewery=Y&sort=name","","Echizen Hama 5120","Niigata-ken Nishikanbara-gun","Echizen Hama 5120; , 953-0012; 0120-4321-48","","","","","Brewery"
"https://www.beeradvocate.com/place/list/?start=100&c_id=JP&brewery=Y&sort=name","Nikenjayamochi Kadoya Honten Co. / Ise Kadoya Brewery","","","","4.16","2","3.81","20",""
"https://www.beeradvocate.com/place/list/?start=100&c_id=JP&brewery=Y&sort=name","","6-8-25 Jinkyu","Mie-ken Ise-shi","6-8-25 Jinkyu; , 516-0017; +81 (0) 596 23-3040","","","","","Brewery, Bar, Eatery"
"https://www.beeradvocate.com/place/list/?start=100&c_id=JP&brewery=Y&sort=name","Nikko Brewing","","","","-","-","-","3",""
"https://www.beeradvocate.com/place/list/?start=100&c_id=JP&brewery=Y&sort=name","","2844-1 Tokorono","Tochigi-ken Nikko-shi","2844-1 Tokorono; , 321-1421; +81 0288-54-3005","","","","","Brewery"
"https://www.beeradvocate.com/place/list/?start=100&c_id=JP&brewery=Y&sort=name","Nippon Beer Co. Ltd.","","","","-","-","3.96","3",""
"https://www.beeradvocate.com/place/list/?start=100&c_id=JP&brewery=Y&sort=name","","No. 8-10 1-chome, Meguro-ku, Kamimeguro","Tokyo-to Tokyo-shi","No. 8-10 1-chome, Meguro-ku, Kamimeguro; , 153-0051; +81 (03) 5489-8889","","","","","Brewery"
"https://www.beeradvocate.com/place/list/?start=100&c_id=JP&brewery=Y&sort=name","Noujikumiaihoujin Iganosato Mokumoku Tezukuri Farm","","","","-","-","-","0",""
"https://www.beeradvocate.com/place/list/?start=100&c_id=JP&brewery=Y&sort=name","","3609 Nishi Yubune","Mie-ken Iga-shi","3609 Nishi Yubune; , 518-1392; 0595-43-2222","","","","","Brewery"
"https://www.beeradvocate.com/place/list/?start=120&c_id=JP&brewery=Y&sort=name","Ogawa Beer","","","","-","-","-","0",""
"https://www.beeradvocate.com/place/list/?start=120&c_id=JP&brewery=Y&sort=name","","1151-1 Otsuka, Ogawa-machi","Saitama-ken Hiki-gun","1151-1 Otsuka, Ogawa-machi; , 355-0328; 0493-72-5673","","","","","Brewery"
"https://www.beeradvocate.com/place/list/?start=120&c_id=JP&brewery=Y&sort=name","OH! LA! HO Beer Club","","","","-","-","3.66","7",""
"https://www.beeradvocate.com/place/list/?start=120&c_id=JP&brewery=Y&sort=name","","3875 Kanou","Nagano-ken Toumi-shi","3875 Kanou; , 389-0505; 0268-64-0006","","","","","Brewery, Eatery"
"https://www.beeradvocate.com/place/list/?start=120&c_id=JP&brewery=Y&sort=name","Oirase Brewery","","","","-","-","-","3",""
"https://www.beeradvocate.com/place/list/?start=120&c_id=JP&brewery=Y&sort=name","","39-1 Sekido Okuse","Aomori-ken Towada-shi","39-1 Sekido Okuse; , 034-0301; 0176-72-3231","","","","","Brewery, Eatery"
"https://www.beeradvocate.com/place/list/?start=120&c_id=JP&brewery=Y&sort=name","Okhotsk Brewery Inc.","","","","3.68","1","-","0",""
"https://www.beeradvocate.com/place/list/?start=120&c_id=JP&brewery=Y&sort=name","","2-2,2 Chome,Yamashita-cho","Hokkaido Kitami-shi","2-2,2 Chome,Yamashita-cho; , 090-0037; 0157-23-6300","","","","","Brewery, Eatery"
"https://www.beeradvocate.com/place/list/?start=120&c_id=JP&brewery=Y&sort=name","Okinawa Brewing Company LLC","","","","-","1","-","3",""
"https://www.beeradvocate.com/place/list/?start=120&c_id=JP&brewery=Y&sort=name","","443 Toya, Yomitan-son","Okinawa-ken Nakagami-gun","443 Toya, Yomitan-son; , 904-0305; +81 098-923-5850","","","","","Brewery"
"https://www.beeradvocate.com/place/list/?start=120&c_id=JP&brewery=Y&sort=name","Okura Brewery - Hotel Okura","","","","-","-","-","0",""
"https://www.beeradvocate.com/place/list/?start=120&c_id=JP&brewery=Y&sort=name","","3-2 Go, Shimokawabata-cho, Hakata-ku","Fukuoka-ken Fukuoka-shi","3-2 Go, Shimokawabata-cho, Hakata-ku; , 812-0027; 092 262 1172","","","","","Brewery, Eatery"
"https://www.beeradvocate.com/place/list/?start=120&c_id=JP&brewery=Y&sort=name","Onidensetsu Ji-Beer","","","","3.17","2","3.45","6",""
"https://www.beeradvocate.com/place/list/?start=120&c_id=JP&brewery=Y&sort=name","","96-6 Nakanoboribetsu-cho","Hokkaido Noboribetsu-shi","96-6 Nakanoboribetsu-cho; , 059-0463; 0143-80-2111","","","","","Brewery, Eatery"
"https://www.beeradvocate.com/place/list/?start=120&c_id=JP&brewery=Y&sort=name","Onuma Brewery","","","","-","-","-","1",""
"https://www.beeradvocate.com/place/list/?start=120&c_id=JP&brewery=Y&sort=name","","208 Onuma-cho, Nanaecho","Hokkaido Kameda-gun","208 Onuma-cho, Nanaecho; , 041-1354; 0138-67-1611","","","","","Brewery, Eatery"
"https://www.beeradvocate.com/place/list/?start=120&c_id=JP&brewery=Y&sort=name","Orion Beer Co., Ltd.","","","","-","-","2.96","11",""
"https://www.beeradvocate.com/place/list/?start=120&c_id=JP&brewery=Y&sort=name","","2-2-1 Agarie","Okinawa-ken Nago-shi","2-2-1 Agarie; , 905-0021; 011-81-98-52-2136","","","","","Brewery"
"https://www.beeradvocate.com/place/list/?start=120&c_id=JP&brewery=Y&sort=name","Otaru Beer","","","","-","-","-","3",""
"https://www.beeradvocate.com/place/list/?start=120&c_id=JP&brewery=Y&sort=name","","263-19, 3 Chome, Zenibako","Hokkaido Otaru-shi","263-19, 3 Chome, Zenibako; , 047-0261; +81 0134-61-2277","","","","","Brewery"
"https://www.beeradvocate.com/place/list/?start=120&c_id=JP&brewery=Y&sort=name","Otaru Winery Beer","","","","-","-","-","0",""
"https://www.beeradvocate.com/place/list/?start=120&c_id=JP&brewery=Y&sort=name","","1-130 Asarigawa Onsen","Hokkaido Otaru-shi","1-130 Asarigawa Onsen; , 047-8677; 0134-34-2181","","","","","Brewery"
"https://www.beeradvocate.com/place/list/?start=120&c_id=JP&brewery=Y&sort=name","Outsider Brewery / Hops & Herbs Brewpub","","","","-","-","-","2",""
"https://www.beeradvocate.com/place/list/?start=120&c_id=JP&brewery=Y&sort=name","","1-1-5 Chuo, Miyazawa Building 1F & 2F","Yamanashi-ken Kofu-shi","1-1-5 Chuo, Miyazawa Building 1F & 2F; , 400-0032; +81 055-223-2622","","","","","Brewery, Bar, Eatery"
"https://www.beeradvocate.com/place/list/?start=120&c_id=JP&brewery=Y&sort=name","Reijin Shuzo K.k.","","","","-","-","-","0",""
"https://www.beeradvocate.com/place/list/?start=120&c_id=JP&brewery=Y&sort=name","","2-9-21 Suwa","Nagano-ken Suwa-shi","2-9-21 Suwa; , 392-0004; 0266-52-3121","","","","","Brewery"
"https://www.beeradvocate.com/place/list/?start=120&c_id=JP&brewery=Y&sort=name","Rio Brewing & Co.","","","","-","-","-","0",""
"https://www.beeradvocate.com/place/list/?start=120&c_id=JP&brewery=Y&sort=name","","Toranomon 1-16-6-203","Tokyo-to Minato-ku","Toranomon 1-16-6-203; , 105-0001; +81 03-6206-6550","","","","","Brewery"
"https://www.beeradvocate.com/place/list/?start=120&c_id=JP&brewery=Y&sort=name","Romantic Village Beer Restaurant / Romantic-Mura Company","","","","-","-","-","0",""
"https://www.beeradvocate.com/place/list/?start=120&c_id=JP&brewery=Y&sort=name","","254 Hei, Nissato-machi","Tochigi-ken Utsunomiya-shi","254 Hei, Nissato-machi; , 321-2118; +81 (0) 28 665-8800","","","","","Brewery, Bar, Eatery"
"https://www.beeradvocate.com/place/list/?start=120&c_id=JP&brewery=Y&sort=name","Ryujin Shuzo Co,. Ltd.","","","","-","-","3.74","5",""
"https://www.beeradvocate.com/place/list/?start=120&c_id=JP&brewery=Y&sort=name","","7-13 Nishihonchou","Gumma-ken Tatebayashi-shi","7-13 Nishihonchou; , 374-0065; 0276-72-3711","","","","","Brewery"
"https://www.beeradvocate.com/place/list/?start=120&c_id=JP&brewery=Y&sort=name","Sankt Gallen Brewery","","","","-","-","3.85","15",""
"https://www.beeradvocate.com/place/list/?start=120&c_id=JP&brewery=Y&sort=name","","Kaneda 1137-1","Kanagawa-ken Atsugi-shi","Kaneda 1137-1; , 243-0807; 046-224-2317","","","","","Brewery"
"https://www.beeradvocate.com/place/list/?start=120&c_id=JP&brewery=Y&sort=name","Sapporo Breweries Ltd.","","","","-","1","3.15","45",""
"https://www.beeradvocate.com/place/list/?start=120&c_id=JP&brewery=Y&sort=name","","20-1, Ebisu 4-chrome, Shibuya-ku","Tokyo-to Tokyo-shi","20-1, Ebisu 4-chrome, Shibuya-ku; , 150-8686; 03 5423 2111","","","","","Brewery"
"https://www.beeradvocate.com/place/list/?start=120&c_id=JP&brewery=Y&sort=name","Sapporo Chiba Brewery","","","","-","-","-","0",""
"https://www.beeradvocate.com/place/list/?start=120&c_id=JP&brewery=Y&sort=name","","2 Takasemachi","Chiba-ken Funabashi-shi","2 Takasemachi; , 273-0014; 047-436-4388","","","","","Brewery"
"https://www.beeradvocate.com/place/list/?start=120&c_id=JP&brewery=Y&sort=name","Sapporo Hokkaido Brewery","","","","-","-","-","0",""
"https://www.beeradvocate.com/place/list/?start=120&c_id=JP&brewery=Y&sort=name","","542-1 Toiso","Hokkaido Eniwa-shi","542-1 Toiso; , 061-1405; 0123-32-5811","","","","","Brewery"
"https://www.beeradvocate.com/place/list/?start=140&c_id=JP&brewery=Y&sort=name","Sapporo Kaitakushi Brewery Harriet","","","","3.25","1","-","1",""
"https://www.beeradvocate.com/place/list/?start=140&c_id=JP&brewery=Y&sort=name","","Sapporo Factory, Kita 2, Higashi 4, Chuo-ku","Hokkaido Sapporo-shi","Sapporo Factory, Kita 2, Higashi 4, Chuo-ku; , 060-0032; 011-207-5211","","","","","Brewery, Eatery"
"https://www.beeradvocate.com/place/list/?start=140&c_id=JP&brewery=Y&sort=name","Sapporo Tezukuri Bakushu","","","","-","-","-","0",""
"https://www.beeradvocate.com/place/list/?start=140&c_id=JP&brewery=Y&sort=name","","3-8, Kita 26-jo Higashi 1-chome, Higashi-ku","Hokkaido Sapporo-shi","3-8, Kita 26-jo Higashi 1-chome, Higashi-ku; , 065-0026; 011-752-2550","","","","","Brewery, Eatery, Homebrew Store"
"https://www.beeradvocate.com/place/list/?start=140&c_id=JP&brewery=Y&sort=name","Satsuma Beer, K.K.","","","","-","-","-","2",""
"https://www.beeradvocate.com/place/list/?start=140&c_id=JP&brewery=Y&sort=name","","3080-1 Himegi","Kagoshima-ken Kokubu-shi","3080-1 Himegi; , 899-4354; 81-995-47-3333","","","","","Brewery, Eatery"
"https://www.beeradvocate.com/place/list/?start=140&c_id=JP&brewery=Y&sort=name","Satsuma Shuzō, K.K.","","","","-","-","-","0",""
"https://www.beeradvocate.com/place/list/?start=140&c_id=JP&brewery=Y&sort=name","","Tachigami Honmachi 26","Kagoshima-ken Makurazaki-shi","Tachigami Honmachi 26; , 898-0025; 099-372-7515","","","","","Brewery"
"https://www.beeradvocate.com/place/list/?start=140&c_id=JP&brewery=Y&sort=name","Seiko-Michinoku Fukushima Beer","","","","-","-","-","2",""
"https://www.beeradvocate.com/place/list/?start=140&c_id=JP&brewery=Y&sort=name","","3-182 Aza-Yokotsuka","Fukushima-ken Fukushima-shi","3-182 Aza-Yokotsuka; Arai; , 960-2156; +81 024-593-5859","","","","","Brewery"
"https://www.beeradvocate.com/place/list/?start=140&c_id=JP&brewery=Y&sort=name","Sekinoichi-shuzou, Iwate-kura Brewery","","","","-","-","4.06","19",""
"https://www.beeradvocate.com/place/list/?start=140&c_id=JP&brewery=Y&sort=name","","5-42 Tamura-Cho","Iwate-ken Ichinoseki-shi","5-42 Tamura-Cho; , 021-0885; 0191-21-1144","","","","","Brewery, Eatery"
"https://www.beeradvocate.com/place/list/?start=140&c_id=JP&brewery=Y&sort=name","Sevilla - sebiriyakan","","","","-","-","-","0",""
"https://www.beeradvocate.com/place/list/?start=140&c_id=JP&brewery=Y&sort=name","","Chinnai 2525","Kumamoto-ken Minamata-shi","Chinnai 2525; , 867-0011; 0966-63-3900","","","","","Brewery, Eatery"
"https://www.beeradvocate.com/place/list/?start=140&c_id=JP&brewery=Y&sort=name","Shikoku Kakou K.K.","","","","-","-","-","0",""
"https://www.beeradvocate.com/place/list/?start=140&c_id=JP&brewery=Y&sort=name","","3-5-1 Nakazu-cho","Tokushima-ken Tokushima-shi","3-5-1 Nakazu-cho; , 770-0856; 088-626-7700","","","","","Brewery"
"https://www.beeradvocate.com/place/list/?start=140&c_id=JP&brewery=Y&sort=name","Shimane Beer K.K.","","","","-","-","-","3",""
"https://www.beeradvocate.com/place/list/?start=140&c_id=JP&brewery=Y&sort=name","","509-1 Kurota-cho","Shimane-ken Matsue-shi","509-1 Kurota-cho; , 690-0876; 0852-55-8355","","","","","Brewery"
"https://www.beeradvocate.com/place/list/?start=140&c_id=JP&brewery=Y&sort=name","Shinano Brewery Vanryu / Chestnut Pub","","","","-","-","-","0",""
"https://www.beeradvocate.com/place/list/?start=140&c_id=JP&brewery=Y&sort=name","","2121-2 Kamiyamakuwa, Nojiri, Shinano-machi","Nagano-ken Kamiminochi-gun","2121-2 Kamiyamakuwa, Nojiri, Shinano-machi; , 389-1303; 026-255-6633","","","","","Brewery, Eatery"
"https://www.beeradvocate.com/place/list/?start=140&c_id=JP&brewery=Y&sort=name","Shinshu Suzaka Brewery","","","","-","-","-","0",""
"https://www.beeradvocate.com/place/list/?start=140&c_id=JP&brewery=Y&sort=name","","113-6 Koutakamachi","Nagano-ken Suzaka-shi","113-6 Koutakamachi; , 382-0047; 026-246-5141","","","","","Brewery"
"https://www.beeradvocate.com/place/list/?start=140&c_id=JP&brewery=Y&sort=name","Shinshu Toumi City Promotion Public Corporation","","","","-","-","-","1",""
"https://www.beeradvocate.com/place/list/?start=140&c_id=JP&brewery=Y&sort=name","","3875-2 Kanou","Nagano-ken Toumi-shi","3875-2 Kanou; , 389-0505; 0268-64-0001","","","","","Brewery, Eatery"
"https://www.beeradvocate.com/place/list/?start=140&c_id=JP&brewery=Y&sort=name","Shiroyama Brewery","","","","3.94","1","-","2",""
"https://www.beeradvocate.com/place/list/?start=140&c_id=JP&brewery=Y&sort=name","","41-1 Shimshoin-cho","Kagoshima-ken Kagoshima-shi","41-1 Shimshoin-cho; Shiroyama Kanko Hotel 1F; , 890-8586; +81 992242211","","","","","Brewery, Bar, Eatery"
"https://www.beeradvocate.com/place/list/?start=140&c_id=JP&brewery=Y&sort=name","Sky Beer","","","","4.37","2","-","0",""
"https://www.beeradvocate.com/place/list/?start=140&c_id=JP&brewery=Y&sort=name","","Nishi Takikawa 76-1","Hokkaido Takikawa-shi","Nishi Takikawa 76-1; , 073-0041; 0125-26-2000","","","","","Brewery, Eatery"
"https://www.beeradvocate.com/place/list/?start=140&c_id=JP&brewery=Y&sort=name","Spring Valley Brewery","","","","-","-","-","0",""
"https://www.beeradvocate.com/place/list/?start=140&c_id=JP&brewery=Y&sort=name","","Logroad Daikanyama,13-1 Daikanyama-cho","Tokyo-to Shibuya-ku","Logroad Daikanyama,13-1 Daikanyama-cho; , 150-0034; +81 3-6416-4960","","","","","Brewery, Bar, Eatery"
"https://www.beeradvocate.com/place/list/?start=140&c_id=JP&brewery=Y&sort=name","Stone Iwamoto Co., Ltd / Hakusekikan Beer Restaurant BACCHUS","","","","-","-","3.86","6",""
"https://www.beeradvocate.com/place/list/?start=140&c_id=JP&brewery=Y&sort=name","","5263-9 Hirukawa-mura","Gifu-ken Ena-gun","5263-9 Hirukawa-mura; , 509-8300; 05-7345-2110","","","","","Brewery, Eatery"
"https://www.beeradvocate.com/place/list/?start=140&c_id=JP&brewery=Y&sort=name","Strange Brewing","","","","-","-","3.89","8",""
"https://www.beeradvocate.com/place/list/?start=140&c_id=JP&brewery=Y&sort=name","","79-5 Kurotsuchi Shinden","Niigata-ken Minami-Uonuma-shi","79-5 Kurotsuchi Shinden; , 949-7241; +81 025-775-7333","","","","","Brewery"
"https://www.beeradvocate.com/place/list/?start=140&c_id=JP&brewery=Y&sort=name","Suginoya Brewery (Hamachi Shuzo K.K.)","","","","-","-","-","1",""
"https://www.beeradvocate.com/place/list/?start=140&c_id=JP&brewery=Y&sort=name","","1442 Motooka, Nishiku","Fukuoka-ken Fukuoka-shi","1442 Motooka, Nishiku; , 819-0385; 092-806-1186","","","","","Brewery"
"https://www.beeradvocate.com/place/list/?start=140&c_id=JP&brewery=Y&sort=name","Sumidagawa Brewery Pub","","","","-","-","-","1",""
"https://www.beeradvocate.com/place/list/?start=140&c_id=JP&brewery=Y&sort=name","","Azumabashi, 1-23-1, 3F, Sumida-ku","Tokyo-to Tokyo-shi","Azumabashi, 1-23-1, 3F, Sumida-ku; , 130-8602; +81 03-5608-5144","","","","","Brewery, Bar, Eatery"
"https://www.beeradvocate.com/place/list/?start=140&c_id=JP&brewery=Y&sort=name","Suntory","","","","-","-","3.15","30",""
"https://www.beeradvocate.com/place/list/?start=140&c_id=JP&brewery=Y&sort=name","","1-40, Dojimahama 2-chome, Kita-ku","Osaka-fu Osaka-shi","1-40, Dojimahama 2-chome, Kita-ku; , 530-8203; 81-6-6346-1131","","","","","Brewery"
"https://www.beeradvocate.com/place/list/?start=160&c_id=JP&brewery=Y&sort=name","Susukino Ji-Beer (Shimijimi Sapporo Restaurant/Brewpub)","","","","4.33","4","-","2",""
"https://www.beeradvocate.com/place/list/?start=160&c_id=JP&brewery=Y&sort=name","","4 Chome, 6 Jounishi, Chuo-ku","Hokkaido Sapporo-shi","4 Chome, 6 Jounishi, Chuo-ku; , 064-0806; 0125-26-2000","","","","","Brewery, Eatery"
"https://www.beeradvocate.com/place/list/?start=160&c_id=JP&brewery=Y&sort=name","T.Y. Harbor Brewery","","","","4.03","9","-","2",""
"https://www.beeradvocate.com/place/list/?start=160&c_id=JP&brewery=Y&sort=name","","2-1-3 Higashi-Shinagawa, Shinagawa-ku","Tokyo-to Tokyo-shi","2-1-3 Higashi-Shinagawa, Shinagawa-ku; , 140-0002; +81 03-5479-4555","","","","","Brewery, Bar, Eatery"
"https://www.beeradvocate.com/place/list/?start=160&c_id=JP&brewery=Y&sort=name","Tagohonke Brewery (Tsuyama Beer Co.)","","","","-","-","-","2",""
"https://www.beeradvocate.com/place/list/?start=160&c_id=JP&brewery=Y&sort=name","","69 Nara","Okayama-ken Tsuyama-shi","69 Nara; , 708-1111; +81 0 868-29-1111","","","","","Brewery"
"https://www.beeradvocate.com/place/list/?start=160&c_id=JP&brewery=Y&sort=name","Tainai Kogen Beer","","","","-","-","-","0",""
"https://www.beeradvocate.com/place/list/?start=160&c_id=JP&brewery=Y&sort=name","","Atsutazaka 670-1","Tainai-shi Niigata-ken","Atsutazaka 670-1; , 959-2823; 0254-48-2020","","","","","Brewery, Bar, Eatery, Store"
"https://www.beeradvocate.com/place/list/?start=160&c_id=JP&brewery=Y&sort=name","Taisetsu Ji Beer","","","","3.27","2","-","0",""
"https://www.beeradvocate.com/place/list/?start=160&c_id=JP&brewery=Y&sort=name","","Miyashitadouri 11 Chou-me 1604 Banchi No 1","Hokkaido Asahikawa-shi","Miyashitadouri 11 Chou-me 1604 Banchi No 1; , 070-0030; 0166-25-0400","","","","","Brewery, Eatery"
"https://www.beeradvocate.com/place/list/?start=160&c_id=JP&brewery=Y&sort=name","Tamamura Honten","","","","-","-","3.84","31",""
"https://www.beeradvocate.com/place/list/?start=160&c_id=JP&brewery=Y&sort=name","","1163 Hirao, Yamanouchimachi","Nagano-ken Shimotakai-gun","1163 Hirao, Yamanouchimachi; , 381-0401; 0269-33-2155","","","","","Brewery"
"https://www.beeradvocate.com/place/list/?start=160&c_id=JP&brewery=Y&sort=name","Tazawako Beer Brewery Restaurant","","","","-","-","-","4",""
"https://www.beeradvocate.com/place/list/?start=160&c_id=JP&brewery=Y&sort=name","","430 Waseda, Tazawakosotsuda","Akita-ken Senboku-shi","430 Waseda, Tazawakosotsuda; , 014-1192; +81 0187-44-3988","","","","","Brewery, Bar, Eatery"
"https://www.beeradvocate.com/place/list/?start=160&c_id=JP&brewery=Y&sort=name","Tobiishi Kikai Sangyo","","","","-","-","-","0",""
"https://www.beeradvocate.com/place/list/?start=160&c_id=JP&brewery=Y&sort=name","","232-1 Senbonya, Yamasakicho","Hyogo-ken Shirou-gun","232-1 Senbonya, Yamasakicho; , 671-2544; 0790-64-0707","","","","","Brewery"
"https://www.beeradvocate.com/place/list/?start=160&c_id=JP&brewery=Y&sort=name","Tokachi Beer","","","","3.38","2","-","0",""
"https://www.beeradvocate.com/place/list/?start=160&c_id=JP&brewery=Y&sort=name","","6 Minami-9, Nishi 1","Hokkaido Obihiro-shi","6 Minami-9, Nishi 1; , 080-0801; 0155-26-4141","","","","","Brewery, Eatery"
"https://www.beeradvocate.com/place/list/?start=160&c_id=JP&brewery=Y&sort=name","Tokorozawa Bell Brewery Co. Ltd.","","","","-","-","-","3",""
"https://www.beeradvocate.com/place/list/?start=160&c_id=JP&brewery=Y&sort=name","","866-17 Kitahara-cho","Saitama-ken Tokorozawa-shi","866-17 Kitahara-cho; , 359-0004; +81 04-2992-0501","","","","","Brewery"
"https://www.beeradvocate.com/place/list/?start=160&c_id=JP&brewery=Y&sort=name","Tokyo Brewing Company","","","","-","-","-","1",""
"https://www.beeradvocate.com/place/list/?start=160&c_id=JP&brewery=Y&sort=name","","3-1-25 Nishiazabu, Minato-ku","Tokyo-to Tokyo-shi","3-1-25 Nishiazabu, Minato-ku; , 106-0031; 03 5412 0538","","","","","Brewery"
"https://www.beeradvocate.com/place/list/?start=160&c_id=JP&brewery=Y&sort=name","Toshin Brussels","","","","-","-","-","0",""
"https://www.beeradvocate.com/place/list/?start=160&c_id=JP&brewery=Y&sort=name","","1-4 Kanda Jimbocho, Chiyoda-ku","Tokyo-to Tokyo-shi","1-4 Kanda Jimbocho, Chiyoda-ku; , 101-0051; 03-3233-1966","","","","","Brewery"
"https://www.beeradvocate.com/place/list/?start=160&c_id=JP&brewery=Y&sort=name","Two Dogs Taproom","","","","4.5","3","-","0",""
"https://www.beeradvocate.com/place/list/?start=160&c_id=JP&brewery=Y&sort=name","","Roppongi 3-15-24, Aries Bld. 2F","Tokyo-to Minato-ku","Roppongi 3-15-24, Aries Bld. 2F; , 106-0032; +81 03-5413-0333","","","","","Brewery, Bar, Eatery"
"https://www.beeradvocate.com/place/list/?start=160&c_id=JP&brewery=Y&sort=name","Uehara Shuzou Co. Ltd. / Echigo Beer Pub","","","","-","-","3.29","13",""
"https://www.beeradvocate.com/place/list/?start=160&c_id=JP&brewery=Y&sort=name","","3970 Fukui Makimachi","Niigata-ken Nishikanbara-gun","3970 Fukui Makimachi; , 953-0076; +81 0256-72-0640","","","","","Brewery, Bar, Eatery"
"https://www.beeradvocate.com/place/list/?start=160&c_id=JP&brewery=Y&sort=name","Umenishiki Yamakawa","","","","-","-","3.59","5",""
"https://www.beeradvocate.com/place/list/?start=160&c_id=JP&brewery=Y&sort=name","","14 Kanagawa, Kanada-cho","Ehime-ken Shikokuchuo-shi","14 Kanagawa, Kanada-cho; , 799-0123; 0896-57-1900","","","","","Brewery"
"https://www.beeradvocate.com/place/list/?start=160&c_id=JP&brewery=Y&sort=name","Unazuki Beer Kan","","","","-","-","-","3",""
"https://www.beeradvocate.com/place/list/?start=160&c_id=JP&brewery=Y&sort=name","","687 Oritate Unazuki-cho","Toyama-ken Shimonikawa-gun","687 Oritate Unazuki-cho; , 938-0292; 0765-65-2277","","","","","Brewery, Eatery"
"https://www.beeradvocate.com/place/list/?start=160&c_id=JP&brewery=Y&sort=name","Ushitora Brewing","","","","-","-","4.01","14",""
"https://www.beeradvocate.com/place/list/?start=160&c_id=JP&brewery=Y&sort=name","","142-3 Sasahara","Tochigi-ken Shimotsuke-shi","142-3 Sasahara; , 329-0402; +81 0285-39-7300","","","","","Brewery"
"https://www.beeradvocate.com/place/list/?start=160&c_id=JP&brewery=Y&sort=name","Wakuwaku Tezukuri Farm Kawakita","","","","-","-","-","0",""
"https://www.beeradvocate.com/place/list/?start=160&c_id=JP&brewery=Y&sort=name","","183-3 Hitotsuya, Nomi-gun","Ishikawa-ken Kawakita-machi","183-3 Hitotsuya, Nomi-gun; , 923-1267; +81 076-277-8989","","","","","Brewery, Bar, Eatery"
"https://www.beeradvocate.com/place/list/?start=160&c_id=JP&brewery=Y&sort=name","Waoh / Yamato Brewery, K.K.","","","","-","-","-","0",""
"https://www.beeradvocate.com/place/list/?start=160&c_id=JP&brewery=Y&sort=name","","14-14 Shinonome-cho","Nara-ken Yamatotakada-shi","14-14 Shinonome-cho; , 635-0017; 0745-530-0038","","","","","Brewery, Eatery"
"https://www.beeradvocate.com/place/list/?start=160&c_id=JP&brewery=Y&sort=name","Wind Valley Brewery / Rakuno Okoku Kabushiki Kaisha Brewery","","","","-","-","-","3",""
"https://www.beeradvocate.com/place/list/?start=160&c_id=JP&brewery=Y&sort=name","","349-1 Tanna, Kannami-cho","Shizuoka-ken Tagata-gun","349-1 Tanna, Kannami-cho; Rakuno Okoku Kabushiki Kaisha Brewery; , 419-0105; +81 0559-74-4311","","","","","Brewery, Bar"
"https://www.beeradvocate.com/place/list/?start=180&c_id=JP&brewery=Y&sort=name","Y. Market Brewing","","","","-","-","4.09","9",""
"https://www.beeradvocate.com/place/list/?start=180&c_id=JP&brewery=Y&sort=name","","4-17-6 Meieki, Nakamura-ku","Aichi-ken Nagoya-shi","4-17-6 Meieki, Nakamura-ku; Yanagibashi Market; , 450-0003; +81 052-533-5151","","","","","Brewery, Bar, Eatery"
"https://www.beeradvocate.com/place/list/?start=180&c_id=JP&brewery=Y&sort=name","Yebisu Beer Station","","","","3.63","4","-","0",""
"https://www.beeradvocate.com/place/list/?start=180&c_id=JP&brewery=Y&sort=name","","Yebisu Garden Place, 4-20 Ebisu, Shibuya-ku","Tokyo-to Tokyo-shi","Yebisu Garden Place, 4-20 Ebisu, Shibuya-ku; , 150-6001; 03-3442-5111","","","","","Brewery, Eatery, Store"
"https://www.beeradvocate.com/place/list/?start=180&c_id=JP&brewery=Y&sort=name","Yo-Ho Brewing Company","","","","-","-","3.58","21",""
"https://www.beeradvocate.com/place/list/?start=180&c_id=JP&brewery=Y&sort=name","","2148 Nagagura Karuizawa-machi","Nagano-ken Kitasaga-gun","2148 Nagagura Karuizawa-machi; , 389-0111; +81 0267-66-1211","","","","","Brewery"
"https://www.beeradvocate.com/place/list/?start=180&c_id=JP&brewery=Y&sort=name","Yokohama Beer","","","","-","-","3.85","6",""
"https://www.beeradvocate.com/place/list/?start=180&c_id=JP&brewery=Y&sort=name","","Naka-ku, Sumiyoshi-chou, 6-68-1","Kanagawa-ken Yokohama-shi","Naka-ku, Sumiyoshi-chou, 6-68-1; , 231-0013; 045-641-9901","","","","","Brewery"
"https://www.beeradvocate.com/place/list/?start=180&c_id=JP&brewery=Y&sort=name","Yuiga Doxon Ji Beer","","","","4.75","1","-","0",""
"https://www.beeradvocate.com/place/list/?start=180&c_id=JP&brewery=Y&sort=name","","Kita No Mine Chou 20-29","Hokkaido Furano-shi","Kita No Mine Chou 20-29; , 076-0034; 0167-22-5599","","","","","Brewery, Eatery"
"https://www.beeradvocate.com/place/list/?start=180&c_id=JP&brewery=Y&sort=name","Yumeminatobeer Co. Ltd.","","","","-","-","-","0",""
"https://www.beeradvocate.com/place/list/?start=180&c_id=JP&brewery=Y&sort=name","","#56 Takenouchidanchi","Tottori-ken Sakaiminato-shi","#56 Takenouchidanchi; , 684-0046; 0859-47-3388","","","","","Brewery, Eatery"
